{
    "tutorial_missiles": {
        "average_time": 3.4516666666666667,
        "times": [
            3.966666666666667,
            3.0666666666666664,
            3.4,
            2.9166666666666665,
            3.6166666666666667,
            3.3,
            3.1166666666666667,
            4.25,
            3.3,
            3.5833333333333335
        ]
    },
    "tutorial_cruiser": {
        "average_time": 5.55,
        "times": [
            6.0,
            6.183333333333334,
            3.85,
            6.35,
            5.483333333333333,
            4.9,
            5.2,
            6.066666666666666,
            5.433333333333334,
            6.033333333333333
        ]
    },
    "tutorial_frigate": {
        "average_time": 5.028333333333333,
        "times": [
            6.183333333333334,
            3.8666666666666667,
            4.716666666666667,
            4.0,
            4.816666666666666,
            4.933333333333334,
            5.15,
            6.083333333333333,
            5.616666666666666,
            4.916666666666667
        ]
    },
    "tutorial_squadron": {
        "average_time": 11.931666666666668,
        "times": [
            11.95,
            12.566666666666666,
            11.666666666666666,
            11.8,
            11.45,
            11.733333333333333,
            11.9,
            11.866666666666667,
            12.416666666666666,
            11.966666666666667
        ]
    },
    "gunnery": {
        "average_time": 12.356666666666666,
        "times": [
            12.766666666666666,
            12.266666666666666,
            12.566666666666666,
            12.683333333333334,
            12.283333333333333,
            12.3,
            12.233333333333333,
            12.083333333333334,
            12.166666666666666,
            12.216666666666667
        ]
    },
    "tutorial_lead": {
        "average_time": 3.9883333333333333,
        "times": [
            4.216666666666667,
            3.683333333333333,
            3.9833333333333334,
            3.683333333333333,
            4.433333333333334,
            4.016666666666667,
            3.683333333333333,
            3.933333333333333,
            4.35,
            3.9
        ]
    },
    "tutorial_radio": {
        "average_time": 12.705000000000002,
        "times": [
            10.816666666666666,
            14.25,
            11.9,
            13.366666666666667,
            11.783333333333333,
            12.833333333333334,
            10.95,
            12.533333333333333,
            14.933333333333334,
            13.683333333333334
        ]
    },
    "tutorial_acceleration": {
        "average_time": 2.3833333333333333,
        "times": [
            2.3833333333333333,
            2.3833333333333333,
            2.3833333333333333,
            2.3833333333333333,
            2.3833333333333333,
            2.3833333333333333,
            2.3833333333333333,
            2.3833333333333333,
            2.3833333333333333,
            2.3833333333333333
        ]
    },
    "tutorial_acceleration2": {
        "average_time": 2.5616666666666665,
        "times": [
            2.45,
            1.8,
            3.05,
            2.7333333333333334,
            2.433333333333333,
            2.683333333333333,
            2.4166666666666665,
            2.8833333333333333,
            2.95,
            2.216666666666667
        ]
    },
    "tutorial_radar": {
        "average_time": 11.030000000000001,
        "times": [
            8.5,
            11.683333333333334,
            11.683333333333334,
            8.4,
            7.583333333333333,
            9.216666666666667,
            16.266666666666666,
            14.016666666666666,
            12.666666666666666,
            10.283333333333333
        ]
    },
    "tutorial_guns": {
        "average_time": 2.3500000000000005,
        "times": [
            2.35,
            2.35,
            2.35,
            2.35,
            2.35,
            2.35,
            2.35,
            2.35,
            2.35,
            2.35
        ]
    },
    "tutorial_deflection": {
        "average_time": 2.956666666666666,
        "times": [
            2.966666666666667,
            2.8833333333333333,
            2.9166666666666665,
            3.0833333333333335,
            2.966666666666667,
            3.4499999999999997,
            2.2,
            3.6333333333333333,
            2.65,
            2.8166666666666664
        ]
    }
}